name,time,CO2eq,TVOC,dust_LPO_percentage,dust_LPO_time,dust_concentration,humidity,location,sensor_name,tVOC,temperature
sensor_data,1691588426626361568,,,,,,70,,,,23
sensor_data,1691588437100263803,,,,,,70,,,,23
sensor_data,1691588447514492885,,,,,,70,,,,23
sensor_data,1691588457930298103,,,,,,69,,,,23
sensor_data,1691588468398968109,,,,,,70,,,,23
sensor_data,1691588478812722940,,,,,,69,,,,23
sensor_data,1691588489226031348,,,,,,69,,,,23
sensor_data,1691588499640704078,,,,,,69,,,,23
sensor_data,1691588510054156824,,,,,,69,,,,23
sensor_data,1691588520469739498,,,,,,69,,,,23
sensor_data,1691588530893029483,,,,,,70,,,,23
sensor_data,1691588541508479537,,,,,,69,,,,23
sensor_data,1691588552028299171,,,,,,70,,,,23
sensor_data,1691588562445184585,,,,,,70,,,,23
sensor_data,1691588572859657956,,,,,,70,,,,23
sensor_data,1691588583273091470,,,,,,69,,,,23
sensor_data,1691588593687565394,,,,,,70,,,,23
sensor_data,1691588604101339272,,,,,,70,,,,23
sensor_data,1691588614525028120,,,,,,70,,,,23
sensor_data,1691588624960977612,,,,,,70,,,,23
sensor_data,1691588635373639856,,,,,,70,,,,23
sensor_data,1691588645797018259,,,,,,70,,,,23
sensor_data,1691588656211524739,,,,,,70,,,,23
sensor_data,1691588675529864099,,,,,,70,,,,23
sensor_data,1691588976063413686,,,,,,70,,,,23
sensor_data,1691589277747407941,,,,,,70,,,,23
sensor_data,1691589579612933352,,,,,,70,,,,23
sensor_data,1691589881315178499,,,,,,70,,,,23
sensor_data,1691590181740032242,,,,,,70,,,,23
sensor_data,1691590482361988759,,,,,,70,,,,23
sensor_data,1691590782871651509,,,,,,70,,,,23
sensor_data,1691591083370066467,,,,,,70,,,,23
sensor_data,1691591383887989402,,,,,,70,,,,23
sensor_data,1691591684842953321,,,,,,70,,,,23
sensor_data,1691591986782526316,,,,,,71,,,,23
sensor_data,1691592287768328834,,,,,,70,,,,23
sensor_data,1691592588492529475,,,,,,70,,,,23
sensor_data,1691592889870262595,,,,,,70,,,,23
sensor_data,1691593190378190365,,,,,,70,,,,23
sensor_data,1691593490870827470,,,,,,71,,,,23
sensor_data,1691593792178895655,,,,,,69,,,,23
sensor_data,1691597228466028041,,,,,,70,Living_Room,Temperature_Humidity_Sensor,,23
sensor_data,1691597528710741187,,,,,,70,Living_Room,Temperature_Humidity_Sensor,,23
sensor_data,1691597624948574460,400,0,,,,70,Living_Room,Temperature_Humidity_Sensor,,23
sensor_data,1691597875553809662,400,,,,,70,Living_Room,Temperature_Humidity_Sensor,0,23
sensor_data,1691597934127644562,400,,,,,70,Living_Room,Temperature_Humidity_Sensor,0,23
sensor_data,1691597994517767722,400,,,,,70,Living_Room,Temperature_Humidity_Sensor,0,23
sensor_data,1691598055067411654,411,,,,,70,Living_Room,Temperature_Humidity_Sensor,0,23
sensor_data,1691598115696140546,405,,,,,70,Living_Room,Temperature_Humidity_Sensor,0,23
sensor_data,1691598176186259655,405,,,,,71,Living_Room,Temperature_Humidity_Sensor,0,23
sensor_data,1691598236679366484,400,,,,,70,Living_Room,Temperature_Humidity_Sensor,0,23
sensor_data,1691598297175174715,402,,,,,70,Living_Room,Temperature_Humidity_Sensor,0,23
sensor_data,1691598357599682321,400,,,,,70,Living_Room,Temperature_Humidity_Sensor,0,23
sensor_data,1691598418070751163,400,,,,,70,Living_Room,Temperature_Humidity_Sensor,0,23
sensor_data,1691598478551591119,405,,,,,70,Living_Room,Temperature_Humidity_Sensor,0,23
sensor_data,1691598540091613381,400,,,,,70,Living_Room,Temperature_Humidity_Sensor,0,23
sensor_data,1691598600558765963,400,,,,,70,Living_Room,Temperature_Humidity_Sensor,0,23
sensor_data,1691598662537749455,400,,,,,69,Living_Room,Temperature_Humidity_Sensor,0,23
sensor_data,1691598723897420578,400,,,,,69,Living_Room,Temperature_Humidity_Sensor,0,23
sensor_data,1691598784489487123,400,,,,,70,Living_Room,Temperature_Humidity_Sensor,0,23
sensor_data,1691598845022183489,400,,,,,70,Living_Room,Temperature_Humidity_Sensor,0,23
sensor_data,1691598907185783291,401,,,,,69,Living_Room,Temperature_Humidity_Sensor,0,23
sensor_data,1691598968290951127,400,,,,,70,Living_Room,Temperature_Humidity_Sensor,0,23
sensor_data,1691599028675927009,400,,,,,73,Living_Room,Temperature_Humidity_Sensor,0,24
sensor_data,1691599089151588102,400,,,,,70,Living_Room,Temperature_Humidity_Sensor,0,24
sensor_data,1691599150954533223,400,,,,,69,Living_Room,Temperature_Humidity_Sensor,0,24
sensor_data,1691599271591455736,400,,,,,69,Living_Room,Temperature_Humidity_Sensor,0,24
sensor_data,1691599332096559917,400,,,,,69,Living_Room,Temperature_Humidity_Sensor,0,24
sensor_data,1691599392595728035,400,,,,,68,Living_Room,Temperature_Humidity_Sensor,0,24
sensor_data,1691599453101570432,400,,,,,69,Living_Room,Temperature_Humidity_Sensor,0,24
sensor_data,1691599513655581839,400,,,,,68,Living_Room,Temperature_Humidity_Sensor,0,24
sensor_data,1691599574005105000,400,,,,,68,Living_Room,Temperature_Humidity_Sensor,0,24
sensor_data,1691608180630856609,400,,,,,69,Living_Room,Temperature_Humidity_Sensor,0,24
sensor_data,1691608241055018713,400,,,,,67,Living_Room,Temperature_Humidity_Sensor,0,24
sensor_data,1691608301538399722,400,,,,,68,Living_Room,Temperature_Humidity_Sensor,0,24
sensor_data,1691608361962608240,400,,,,,67,Living_Room,Temperature_Humidity_Sensor,0,24
sensor_data,1691608422385480199,400,,,,,67,Living_Room,Temperature_Humidity_Sensor,0,24
sensor_data,1691608482810427199,400,,,,,67,Living_Room,Temperature_Humidity_Sensor,0,24
sensor_data,1691608552234488024,400,,,,,67,Living_Room,Temperature_Humidity_Sensor,0,24
sensor_data,1691609752712681331,400,,,,,67,Living_Room,Temperature_Humidity_Sensor,0,24
sensor_data,1691610953097807514,400,,,,,67,Living_Room,Temperature_Humidity_Sensor,0,24
sensor_data,1691612153410975798,400,,,,,66,Living_Room,Temperature_Humidity_Sensor,0,24
sensor_data,1691613353903022224,400,,,,,66,Living_Room,Temperature_Humidity_Sensor,0,24
sensor_data,1691614554412703474,400,,,,,65,Living_Room,Temperature_Humidity_Sensor,0,24
sensor_data,1691615754764325662,419,,,,,66,Living_Room,Temperature_Humidity_Sensor,0,24
sensor_data,1691616955327298844,400,,,,,66,Living_Room,Temperature_Humidity_Sensor,0,24
sensor_data,1691618155761633020,440,,,,,66,Living_Room,Temperature_Humidity_Sensor,0,24
sensor_data,1691619356383339714,400,,,,,65,Living_Room,Temperature_Humidity_Sensor,0,24
sensor_data,1691620557123409453,400,,,,,66,Living_Room,Temperature_Humidity_Sensor,0,24
sensor_data,1691621757678415497,400,,,,,67,Living_Room,Temperature_Humidity_Sensor,0,24
sensor_data,1691622958257910598,400,,,,,68,Living_Room,Temperature_Humidity_Sensor,0,24
sensor_data,1691624158832778408,400,,,,,69,Living_Room,Temperature_Humidity_Sensor,0,24
sensor_data,1691625360011667710,400,,,,,69,Living_Room,Temperature_Humidity_Sensor,0,23
sensor_data,1691626560337373374,400,,,,,69,Living_Room,Temperature_Humidity_Sensor,0,23
sensor_data,1691627760861032493,400,,,,,68,Living_Room,Temperature_Humidity_Sensor,0,23
sensor_data,1691628961123335704,400,,,,,68,Living_Room,Temperature_Humidity_Sensor,0,23
sensor_data,1691630163390046779,400,,,,,68,Living_Room,Temperature_Humidity_Sensor,0,23
sensor_data,1691631365799432524,400,,,,,68,Living_Room,Temperature_Humidity_Sensor,0,23
sensor_data,1691632566489329878,400,,,,,68,Living_Room,Temperature_Humidity_Sensor,0,23
sensor_data,1691633766660316726,422,,,,,68,Living_Room,Temperature_Humidity_Sensor,0,23
sensor_data,1691634967198390509,400,,,,,69,Living_Room,Temperature_Humidity_Sensor,0,23
sensor_data,1691636167548330304,400,,,,,68,Living_Room,Temperature_Humidity_Sensor,0,23
sensor_data,1691637368006370889,400,,,,,69,Living_Room,Temperature_Humidity_Sensor,0,23
sensor_data,1691638569190223448,400,,,,,69,Living_Room,Temperature_Humidity_Sensor,0,23
sensor_data,1691639769655043135,400,,,,,69,Living_Room,Temperature_Humidity_Sensor,0,23
sensor_data,1691640969887729303,400,,,,,69,Living_Room,Temperature_Humidity_Sensor,0,23
sensor_data,1691642170477262154,400,,,,,68,Living_Room,Temperature_Humidity_Sensor,0,23
sensor_data,1691643370973110315,400,,,,,70,Living_Room,Temperature_Humidity_Sensor,0,22
sensor_data,1691644571526108000,400,,,,,71,Living_Room,Temperature_Humidity_Sensor,0,22
sensor_data,1691645772219811738,400,,,,,70,Living_Room,Temperature_Humidity_Sensor,0,22
sensor_data,1691646972349564272,400,,,,,71,Living_Room,Temperature_Humidity_Sensor,0,22
sensor_data,1691648172982820296,400,,,,,70,Living_Room,Temperature_Humidity_Sensor,0,22
sensor_data,1691649373309054498,447,,,,,71,Living_Room,Temperature_Humidity_Sensor,0,22
sensor_data,1691650574056182420,400,,,,,71,Living_Room,Temperature_Humidity_Sensor,0,22
sensor_data,1691651774711696190,400,,,,,71,Living_Room,Temperature_Humidity_Sensor,0,22
sensor_data,1691652975376096562,441,,,,,70,Living_Room,Temperature_Humidity_Sensor,0,22
sensor_data,1691654175795084161,466,,,,,70,Living_Room,Temperature_Humidity_Sensor,0,22
sensor_data,1701772916918222493,,,,,,35,,,,24
sensor_data,1701773264661724375,,,,,,30,,,,25
sensor_data,1701773434069733795,,,,,,28,,,,27
sensor_data,1701773444517749687,,,,,,31,,,,25
sensor_data,1701773454950152252,,,,,,31,,,,25
sensor_data,1701773465397946968,,,,,,32,,,,25
sensor_data,1709816641264033600,,,,,,43.69761441104549,,,,28.333482908829573
sensor_data,1709816943610013924,,,,,,50.446564924734645,,,,28.13489460685269
sensor_data,1709817245974035970,,,,,,49.828783790413894,,,,20.802557516387974
sensor_data,1709817547800212166,,,,,,48.55003733517631,,,,23.70159923325643
sensor_data,1709817849443389920,,,,,,55.690407060609864,,,,27.62964677504923
sensor_data,1709818151309053971,,,,,,53.07807891842593,,,,25.233801718910325
sensor_data,1709818453472668504,,,,,,43.34128543502202,,,,23.73978185343251
sensor_data,1709818722958945968,,,,,,49.641287364381284,,,,20.115864080276157
sensor_data,1709819922502704087,,,,,,44.63974495038323,,,,25.690004708774318
sensor_data,1709820224801571179,,,,,,55.3898175455784,,,,20.750214106219698
sensor_data,1709820330102346567,,,,,,51.70467122428537,,,,27.575732690741695
sensor_data,1709820526940793375,,,,,,41.377602777505736,,,,20.979607983614105
sensor_data,1709820632620113581,,,,,,47.46965940750082,,,,20.102954095673738
sensor_data,1709820828481427249,,,,,,44.95939489703787,,,,23.774216632605125
sensor_data,1709820935039226591,,,,,,58.77528618538763,,,,27.668148676835486
sensor_data,1709821129822092025,,,,,,59.10615676597939,,,,20.069141274344457
sensor_data,1709821236947383405,,,,,,58.94576738206814,,,,22.25132630992604
sensor_data,1709821539206765206,,,,,,53.19780641247182,,,,23.256704595499002
sensor_data,1709821842024377738,,,,,,43.23212908432252,,,,27.958634499858306
sensor_data,1709824128223022675,,,,,,51.00491298290058,,,,27.221647000186646
sensor_data,1709824430542019750,,,,,,46.602536059551944,,,,29.683115300670423
sensor_data,1709824733000026272,,,,,,49.60460527578362,,,,29.757916759676114
sensor_data,1709825035442047982,,,,,,47.637413135732636,,,,28.705699150341225
sensor_data,1709825337942427553,,,,,,49.37455557078299,,,,25.592615394860523
sensor_data,1709825640181087581,,,,,,59.46809773007149,,,,25.31322632137619
sensor_data,1709825942763036368,,,,,,55.22863600350182,,,,23.824048513544426
sensor_data,1709826245122986043,,,,,,48.14651245115627,,,,24.857002752022037
sensor_data,1709826461622472799,,,,,,55.8573877134316,,,,26.739372222625065
sensor_data,1709826764001356877,,,,,,47.56073121493201,,,,26.946197720775512
sensor_data,1709827065963474451,,,,,,45.70057202796765,,,,26.855282885337388
sensor_data,1709827368418312004,,,,,,49.123355397279475,,,,23.334269149689682
sensor_data,1709827672502536657,,,,,,55.291290172498115,,,,26.538449226653146
sensor_data,1709827974841403295,,,,,,51.62474950743781,,,,26.25927173408321
sensor_data,1709828277241294181,,,,,,53.2370211630393,,,,28.181257503010556
sensor_data,1709828579680815626,,,,,,57.144926409938066,,,,25.103449549220745
sensor_data,1709828809463287701,,,,,,42.757823851983545,,,,26.38331560714486
sensor_data,1709830013940545089,,,,,,54.97668294577059,,,,26.820135713021084
sensor_data,1709831215781832992,,,,,,57.28032428997517,,,,26.703585775997585
sensor_data,1709832418243030370,,,,,,49.521877821940606,,,,26.486042163544973
sensor_data,1709833631204745584,,,,,,50.055275629055956,,,,27.724057305032737
sensor_data,1709834833501690374,,,,,,47.629750745042564,,,,29.713081745684825
sensor_data,1709836035980508379,,,,,,56.936201416820566,,,,25.036566266561895
sensor_data,1709837238241768851,,,,,,42.27536259700209,,,,27.752208498970774
sensor_data,1709839340198519679,,,,,,56.79389818098995,,,,25.374348504247493
sensor_data,1709839453420398477,,,,,,41.83038510286812,,,,21.271828069081685
sensor_data,1709840658504794345,,,,,,43.84747613521796,,,,23.575926323742088
sensor_data,1709841861026520156,,,,,,43.10481552443709,,,,29.397907478437183
sensor_data,1709843063114473580,,,,,,47.72153729840707,,,,22.132516506886553
sensor_data,1709844265638208811,,,,,,47.908237694760516,,,,22.714327193062864
sensor_data,1709845467944010373,,,,,,52.553088707311666,,,,28.22051171081365
sensor_data,1709878097439782951,,,,,,53.71154867293397,,,,23.848934611449916
sensor_data,1709879297489763466,,,,,,43.0692206501333,,,,26.802547560130304
sensor_data,1709880497604906389,,,,,,43.294598206903686,,,,20.24370392561905
sensor_data,1709882049545433622,,,,,,58.210130066759646,,,,28.5479389090032
sensor_data,1709883249649185022,,,,,,59.65037360705335,,,,29.81253629827825
sensor_data,1709884449753161611,,,,,,59.45682774932645,,,,26.697323422238487
sensor_data,1709886709125567478,,,,,,52.738344397439754,,,,24.459021965515216
sensor_data,1709887909226379589,,,,,,46.760119298556845,,,,24.72465228818791
sensor_data,1709889385264298676,,,,,,50.12832953914241,,,,21.482326048725866
sensor_data,1709891106223196515,,,,,,44.67483306727751,,,,29.333591945702114
sensor_data,1709892334494682573,,,,,,45.47808940478984,,,,29.52583282897933
sensor_data,1709892801858110898,,,,,,58.0224978625671,,,,22.335615664965406
sensor_data,1709894004201016558,,,,,,45.41772787394928,,,,27.323638344174174
sensor_data,1709894212104902939,,,,,,42.87021283252613,,,,25.699184492795915
sensor_data,1709894485981856518,,,,,,47.12455206992673,,,,20.45491086040748
sensor_data,1709895293103433624,,,,,,50.55248070901431,,,,21.786605762751904
sensor_data,1709896495360137587,,,,,,47.59436595534478,,,,22.251412848928904
sensor_data,1709897697821279759,,,,,,54.95026532185713,,,,26.670630013798267
sensor_data,1709898900221828833,,,,,,49.215555639099065,,,,29.913954887928426
sensor_data,1709900102746183036,,,,,,47.115209869826785,,,,21.277762512809797
sensor_data,1709901305461034691,,,,,,57.550530047784534,,,,21.053936811895653
sensor_data,1709902509403474497,,,,,,41.47992688582688,,,,24.79698981259657
sensor_data,1709903710859243549,,,,,,47.36490344307603,,,,26.21963203955586
sensor_data,1709904913642801132,,,,,,59.47322046329484,,,,22.98431193924283
sensor_data,1709906115765370886,,,,,,45.52245933362068,,,,20.536484038170503
sensor_data,1709907318140842318,,,,,,57.69905225506249,,,,26.45348208342418
sensor_data,1709908520406141867,,,,,,42.832673320979474,,,,29.411357069296194
sensor_data,1709909723000048007,,,,,,42.23140239153506,,,,21.09421931630809
sensor_data,1709910925425631363,,,,,,45.705246045554894,,,,20.477694298338175
sensor_data,1709912128060044392,,,,,,57.5473077443483,,,,22.453320365967855
sensor_data,1709913329600158227,,,,,,42.55105322152992,,,,24.116353033852988
sensor_data,1709914531921389933,,,,,,54.77207085333772,,,,28.708466463908483
sensor_data,1709915733621940385,,,,,,52.56096160857291,,,,24.30254619632848
sensor_data,1709916936063034958,,,,,,40.05075607334811,,,,23.7966227183487
sensor_data,1709918138742044742,,,,,,45.91101261658318,,,,26.242915957833887
sensor_data,1709918641372954769,,,,,,49.61918282169417,,,,23.860078634887778
sensor_data,1709918889521730413,,,,,,50.76144173100775,,,,23.64393964403743
sensor_data,1709919772414904121,,,,,,55.08269972539321,,,,22.078962835053076
sensor_data,1709920972473567180,,,,,,54.199465015365895,,,,27.106450701785942
sensor_data,1709921661843344310,,,,,,56.90065312952183,,,,26.38280898355645
sensor_data,1709921981772179830,,,,,,45.600900713821254,,,,21.36546860273294
sensor_data,1709922365209356187,,,,,,40.64605214443343,,,,23.959102160320803
sensor_data,1709922723773166284,,,,,,46.15306362272826,,,,28.016027507944955
sensor_data,1709923709288950814,,,,,,49.02190365230523,,,,24.338370011090802
sensor_data,1709923975469427977,,,,,,48.40207703782648,,,,22.773820650829894
sensor_data,1709925175432374429,,,,,,55.59739008378436,,,,20.299474281681483
sensor_data,1709925333544133051,,,,,,40.928448125614516,,,,21.187745962190167
sensor_data,1709925611655071895,,,,,,44.31079764144353,,,,23.60384849986703
sensor_data,1709926387039927264,,,,,,47.10268950076339,,,,22.239710881916036
sensor_data,1709926936605342673,,,,,,54.716733921011674,,,,23.906553087919274
sensor_data,1709927146119323821,,,,,,59.667257357555286,,,,21.115360472625497
sensor_data,1709929103738705512,,,,,,41.46586355076921,,,,27.85815128827151
sensor_data,1709929765366310767,,,,,,58.71082578990965,,,,28.734106776641802
sensor_data,1709930302309062202,,,,,,50.25404303834139,,,,21.270278963989522
sensor_data,1709930973813031466,,,,,,42.66630629618484,,,,25.369017776334985
sensor_data,1709931249773822750,,,,,,40.29353528137489,,,,29.5020266013092
sensor_data,1709931354529073425,,,,,,46.90215871123276,,,,23.388851602524802
sensor_data,1709932554550813434,,,,,,54.133617255681116,,,,28.723163343750016
sensor_data,1709933754661745152,,,,,,45.69795987504908,,,,22.95170805056958
sensor_data,1709934954790031261,,,,,,55.34430831039752,,,,22.697118844347266
sensor_data,1709936155107345993,,,,,,54.08420332739163,,,,20.73006649806779
sensor_data,1709937355218684629,,,,,,45.50855568245314,,,,25.836542411690182
sensor_data,1709938555324850925,,,,,,57.49665625536019,,,,20.456791438721837
sensor_data,1709939755445074569,,,,,,49.31112666870234,,,,21.880135169083598
sensor_data,1709940955543349794,,,,,,43.27583077353041,,,,24.005561688519844
sensor_data,1709942155652244973,,,,,,58.24972272288774,,,,26.691696034248874
sensor_data,1709943355763404154,,,,,,40.19556412792434,,,,29.687210973084767
sensor_data,1709944555903531755,,,,,,50.13703982923005,,,,24.08067121168629
sensor_data,1709945756034006140,,,,,,51.421304107234484,,,,21.891371852574714
sensor_data,1709946956162972781,,,,,,51.18317242877538,,,,25.52181189214857
sensor_data,1709948156309325984,,,,,,58.05018083145253,,,,25.153105127222332
sensor_data,1709949356454117303,,,,,,48.10205764578922,,,,23.266297487240024
sensor_data,1709950556576037276,,,,,,40.27538066545107,,,,24.067612240719818
sensor_data,1709951756710987339,,,,,,47.42287759313358,,,,29.405788521405128
sensor_data,1709952956660024599,,,,,,44.700273664005834,,,,29.951740633967063
sensor_data,1709954156765157943,,,,,,49.94260710712581,,,,29.91951745976523
sensor_data,1709955356887931918,,,,,,43.170751354270465,,,,28.063567201402304
sensor_data,1709956556960951083,,,,,,57.2812480409668,,,,23.575732932791336
sensor_data,1709957757152380301,,,,,,46.28911560664223,,,,22.335635849825927
sensor_data,1709958957285353681,,,,,,53.82795501135384,,,,25.384954798059532
sensor_data,1709960157456984413,,,,,,49.897829740932416,,,,26.20939406408742
sensor_data,1709961357609287232,,,,,,57.391732550376936,,,,24.441451296768516
sensor_data,1709962557758921575,,,,,,41.96887931829489,,,,25.667328571560123
sensor_data,1709963757910872432,,,,,,42.83184118253139,,,,23.31219582140732
sensor_data,1709964957837912682,,,,,,56.3043086456247,,,,24.56495259047827
sensor_data,1709966158124755359,,,,,,47.92647782045579,,,,20.181040790036214
sensor_data,1709967358155663298,,,,,,58.26239040249419,,,,20.852796429315397
sensor_data,1709968558248861311,,,,,,58.252504002783915,,,,22.50943073942979
sensor_data,1709969758328014566,,,,,,44.49101356084418,,,,27.814770566264116
sensor_data,1709970958394969196,,,,,,57.750822365265435,,,,21.077216464990133
sensor_data,1709972158497976172,,,,,,51.74065047501305,,,,25.836176490697902
sensor_data,1709973358586210463,,,,,,59.89683537463836,,,,22.450543188204463
sensor_data,1709973643386956570,,,,,,59.67136286216077,,,,29.037355740794087
sensor_data,1709973800866739112,,,,,,58.78977459056313,,,,21.37673396400332
sensor_data,1709975000956044276,,,,,,59.643081256499066,,,,26.346695653337946
sensor_data,1709975276602307051,,,,,,51.925596085423905,,,,24.457478093210753
sensor_data,1709975978462183904,,,,,,44.95929169133501,,,,23.19850593193148
sensor_data,1709976132341342673,,,,,,56.520906012432945,,,,25.931016040923673
sensor_data,1709976334821127878,,,,,,48.8331283537206,,,,25.99133820660994
sensor_data,1709976518840781770,,,,,,51.8084496340672,,,,24.112068787048933
sensor_data,1709977719400870414,,,,,,44.89990313031751,,,,22.098060203218445
sensor_data,1709978921020708600,,,,,,43.41900415595989,,,,24.488091984223573
sensor_data,1709980121839853540,,,,,,45.08881820187578,,,,21.68412182589773
sensor_data,1709981323398719806,,,,,,50.10774185198672,,,,21.244609432286197
sensor_data,1709982524140710595,,,,,,49.361056726456304,,,,27.082588406049034
sensor_data,1709983725680657827,,,,,,43.94894088065341,,,,21.75059210242001
sensor_data,1709984927199154793,,,,,,47.60442144622607,,,,24.418672555504035
sensor_data,1709986128803078022,,,,,,58.82685246546291,,,,26.67106537473971
sensor_data,1709987330460345246,,,,,,40.216948049814114,,,,23.408037896097827
sensor_data,1709988532282159713,,,,,,47.548930706720654,,,,22.287179181265703
sensor_data,1709989733205849507,,,,,,59.194106396529655,,,,23.71503340167959
sensor_data,1709990933761883032,,,,,,43.17912499302883,,,,21.392086510919455
sensor_data,1709992135479045478,,,,,,58.50419832578733,,,,21.56585151639693
sensor_data,1709993336920020778,,,,,,44.817634479274844,,,,23.966483846580246
sensor_data,1709994538960002877,,,,,,42.22276117037225,,,,20.00638475317951
sensor_data,1709995739620072437,,,,,,41.39670188458046,,,,23.4050784176557
sensor_data,1709996984041153769,,,,,,41.36274831860867,,,,27.812530621821107
sensor_data,1710004374759449619,,,,,,56.36212821071113,,,,26.91069853641394
sensor_data,1710005345884044647,,,,,,52.657948613867624,,,,27.06450971131448
sensor_data,1710006547423723550,,,,,,41.84502967875538,,,,21.223153888829437
sensor_data,1710007748904945353,,,,,,49.170984967993256,,,,24.02200492323497
sensor_data,1710008950722230984,,,,,,44.7615986987443,,,,22.484323845062068
sensor_data,1710010152343298911,,,,,,49.549641078357794,,,,25.58056729414182
sensor_data,1710011353365482476,,,,,,55.8219679179223,,,,21.084544838092206
sensor_data,1710012554848086490,,,,,,46.5334975550071,,,,22.377370249741535
sensor_data,1710013756902962788,,,,,,50.62849967046846,,,,25.822477502268054
sensor_data,1710014958503052333,,,,,,48.10981529094022,,,,27.67108696044774
sensor_data,1710016159143040083,,,,,,58.73885141748442,,,,20.74783137911138
sensor_data,1710017360826225099,,,,,,47.77371121025538,,,,29.778974527947298
sensor_data,1710018561525103215,,,,,,55.814929902861806,,,,20.692803390308665
sensor_data,1710019763022983259,,,,,,58.529688784113475,,,,27.479436788675734
sensor_data,1710020964582178244,,,,,,58.77403144463019,,,,23.9123936608781
sensor_data,1710022165524062806,,,,,,41.76778619616735,,,,23.095109521096536
sensor_data,1710023367143308416,,,,,,49.11310571896584,,,,21.308671106909046
sensor_data,1710024568043814017,,,,,,41.95018747501067,,,,29.816488301173983
sensor_data,1710025769744434205,,,,,,43.33896902622959,,,,29.849258293179876
sensor_data,1710026970724111697,,,,,,48.09136447808771,,,,25.97653660678972
sensor_data,1710028176323130010,,,,,,45.21464595822493,,,,25.767406760065427
sensor_data,1710029377902989938,,,,,,44.89277531669021,,,,27.791764060365892
sensor_data,1710030579463131224,,,,,,55.47207202153757,,,,21.292645927442926
sensor_data,1710031781183484301,,,,,,41.09228793171695,,,,27.73899729851386
sensor_data,1710032982705077620,,,,,,50.8900626716758,,,,23.933720963976672
sensor_data,1710035546943829155,,,,,,42.2766017637131,,,,23.59511711168522
sensor_data,1710036747583026450,,,,,,48.1368334611679,,,,27.347325638190483
sensor_data,1710037949263465720,,,,,,57.613564082397005,,,,27.120011811150846
sensor_data,1710039150424140266,,,,,,53.05620443354535,,,,20.218212024239715
sensor_data,1710040352962286015,,,,,,41.15114346581767,,,,28.715132695929228
sensor_data,1710041554485435989,,,,,,40.61824828748562,,,,21.200924650109712
sensor_data,1710042759503353325,,,,,,48.08958162231435,,,,21.3341610191849
sensor_data,1710043961206059201,,,,,,43.05045240059427,,,,25.522092644478384
sensor_data,1710045162884217202,,,,,,46.87306146491768,,,,24.66030475473567
sensor_data,1710046364425898816,,,,,,55.02368510812048,,,,29.233041007128904
sensor_data,1710047566002470502,,,,,,59.10982381535416,,,,28.118680691612084
sensor_data,1710048766902177579,,,,,,55.775194450086175,,,,28.0803958615869
sensor_data,1710049968605846026,,,,,,59.90509681508132,,,,20.120186314817506
sensor_data,1710051170422238562,,,,,,41.38749859402181,,,,25.49882570942154
sensor_data,1710052372163940765,,,,,,57.42847724456662,,,,20.07927774431525
sensor_data,1710053573865244263,,,,,,46.74609455509749,,,,27.64588411921042
sensor_data,1710054775203498102,,,,,,41.504074494043536,,,,23.111959656986382
sensor_data,1710055976962256641,,,,,,48.47059642822086,,,,27.550969322839848
sensor_data,1710057178782341617,,,,,,45.054995958539315,,,,29.870436426894138
sensor_data,1710058380322332338,,,,,,43.013149516071216,,,,27.450120134746182
sensor_data,1710059582285739481,,,,,,40.735063197019365,,,,22.58470274302771
sensor_data,1710060783664066272,,,,,,49.014487704749165,,,,29.7279668775427
sensor_data,1710061985344438896,,,,,,45.8384805526191,,,,21.451944264515394
sensor_data,1710064532825953559,,,,,,42.9851895435833,,,,22.196801910640357
sensor_data,1710065733003578107,,,,,,45.83929942647658,,,,29.86689940398699
sensor_data,1710066933113567920,,,,,,57.050458082726564,,,,29.04085346310084
sensor_data,1710068133217501963,,,,,,40.71206825522653,,,,29.00076961757383
sensor_data,1710583154867315829,,,,,,93,,,,20
sensor_data,1710583175288588118,,,,,,93,,,,19
sensor_data,1710583195696654393,,,,,,93,,,,19
sensor_data,1710583376081775449,,,,,,93,,,,19
sensor_data,1710584083183139228,,,,,,93,,,,19
sensor_data,1710584103585994992,,,,,,93,,,,19
sensor_data,1710584123989972354,,,,,,93,,,,19
sensor_data,1710584144392008560,,,,,,93,,,,19
sensor_data,1710584164796067222,,,,,,93,,,,19
sensor_data,1710584185199042681,,,,,,93,,,,19
sensor_data,1710584366901442347,,,,,,93,,,,19
sensor_data,1710584387305253067,,,,,,93,,,,19
sensor_data,1710584429690226042,,,3.5966666666666667,1079,1872.9089964037037,93,Test_Env,Temperature_Humidity_Sensor,,19
sensor_data,1710584460310208885,,,2.31,693,1195.1018500999999,93,Test_Env,Temperature_Humidity_Sensor,,19
sensor_data,1710584489913151028,,,1.97,591,1018.6824903,93,Test_Env,Temperature_Humidity_Sensor,,19
sensor_data,1710584519517194612,,,2.29,687,1184.7023078999998,93,Test_Env,Temperature_Humidity_Sensor,,19
sensor_data,1710585163458788387,,,4.31,1293,2259.3001100999995,93,Test_Env,Temperature_Humidity_Sensor,,19
sensor_data,1710585194070662382,,,1.9766666666666666,593,1022.1348438037036,93,Test_Env,Temperature_Humidity_Sensor,,19
sensor_data,1710585223673693939,,,1.91,573,987.6218780999999,93,Test_Env,Temperature_Humidity_Sensor,,20
sensor_data,1710585253277729058,,,2.04,612,1054.9445503999998,93,Test_Env,Temperature_Humidity_Sensor,,19
sensor_data,1710585332058044983,,,2.41,723,1247.1464931,93,Test_Env,Temperature_Humidity_Sensor,,19
sensor_data,1710585362667912345,,,1.91,573,987.6218780999999,93,Test_Env,Temperature_Humidity_Sensor,,19
sensor_data,1710585419794329356,,,2.32,696,1200.3027647999997,93,Test_Env,Temperature_Humidity_Sensor,,20
sensor_data,1710585450412167202,,,2.3966666666666665,719,1240.2025524037035,93,Test_Env,Temperature_Humidity_Sensor,,20
sensor_data,1710585480024126147,,,2.006666666666667,602,1037.6734581037035,93,Test_Env,Temperature_Humidity_Sensor,,20
sensor_data,1710585509636270132,,,1.7733333333333334,532,916.937714251852,93,Test_Env,Temperature_Humidity_Sensor,,20
sensor_data,1710585540250331825,,,2.1433333333333335,643,1108.5274302851853,93,Test_Env,Temperature_Humidity_Sensor,,20
sensor_data,1710585569854317448,,,3.033333333333333,910,1573.6901518518516,93,Test_Env,Temperature_Humidity_Sensor,,20
sensor_data,1710586099141409840,,,0,0,0,93,Test_Env,Temperature_Humidity_Sensor,,20
sensor_data,1710586399628609851,,,2.0933333333333333,628,1082.5919521185183,93,Test_Env,Temperature_Humidity_Sensor,,20
sensor_data,1710586498703113602,,,1.6566666666666667,497,856.6588726037037,93,Test_Env,Temperature_Humidity_Sensor,,20
sensor_data,1710586559155030816,,,2.12,636,1096.4222207999999,93,Test_Env,Temperature_Humidity_Sensor,,20
sensor_data,1710586656801187671,,,2.12,636,1096.4222207999999,93,Test_Env,Temperature_Humidity_Sensor,,20
sensor_data,1710586658195061568,,,0,0,0.62,93,Test_Env,Temperature_Humidity_Sensor,,20
sensor_data,1710589878603542197,,,3.466666666666667,1040,1803.4469037037036,93,Test_Env,Temperature_Humidity_Sensor,,20
sensor_data,1710589939056452090,,,1.96,588,1013.5044095999999,93,Test_Env,Temperature_Humidity_Sensor,,20
sensor_data,1710590068673745956,,,1.9833333333333334,595,1025.5874393518516,93,Test_Env,Temperature_Humidity_Sensor,,20
sensor_data,1710590129081674288,,,1.5866666666666667,476,820.5140205037037,93,Test_Env,Temperature_Humidity_Sensor,,20
sensor_data,1710590244481138357,,,2.3866666666666667,716,1234.9955565037035,93,Test_Env,Temperature_Humidity_Sensor,,20
sensor_data,1710590274907982929,,,2.0833333333333335,625,1077.4067476851853,93,Test_Env,Temperature_Humidity_Sensor,,20
sensor_data,1710590305332041657,,,1.8233333333333333,547,942.7879924185186,93,Test_Env,Temperature_Humidity_Sensor,,20
sensor_data,1710590335756062534,,,3.5533333333333332,1066,1849.725377985185,93,Test_Env,Temperature_Humidity_Sensor,,20
sensor_data,1710591281241701682,400,,2.3033333333333332,691,1191.6349988185184,93,Test_Env,Temperature_Humidity_Sensor,0,20
sensor_data,1710591310853638135,400,,1.68,504,868.7106752000001,93,Test_Env,Temperature_Humidity_Sensor,0,20
sensor_data,1710591341465652816,400,,2.223333333333333,667,1150.0585777518515,93,Test_Env,Temperature_Humidity_Sensor,0,20
sensor_data,1710591678835783261,400,,60.5,18150,261141.3075,93,Test_Env,Temperature_Humidity_Sensor,0,20
sensor_data,1710591708436687970,400,,4.39,1317,2303.2509908999996,93,Test_Env,Temperature_Humidity_Sensor,0,20
sensor_data,1710591739043682872,400,,9.54,2862,5570.651650399999,93,Test_Env,Temperature_Humidity_Sensor,0,20
sensor_data,1710591768642701289,400,,3.546666666666667,1064,1846.1613229037039,93,Test_Env,Temperature_Humidity_Sensor,0,20
sensor_data,1710592023833022471,400,,5.446666666666666,1634,2897.8951509037033,93,Test_Env,Temperature_Humidity_Sensor,0,20
sensor_data,1710592053437992823,411,,4.48,1344,2352.8594112,93,Test_Env,Temperature_Humidity_Sensor,4,20
sensor_data,1710592084050944502,410,,6.21,1863,3346.7077870999997,93,Test_Env,Temperature_Humidity_Sensor,0,20
sensor_data,1710592224121056473,400,,6.58,1974,3571.0730231999996,95,Test_Env,Temperature_Humidity_Sensor,0,26
sensor_data,1710592253720915579,416,,8.983333333333333,2695,5162.745522685184,86,Test_Env,Temperature_Humidity_Sensor,0,26
sensor_data,1710592284329985497,400,,6.323333333333333,1897,3414.931227418518,85,Test_Env,Temperature_Humidity_Sensor,2,25
sensor_data,1710592313931003741,400,,5.306666666666667,1592,2817.4594221037037,87,Test_Env,Temperature_Humidity_Sensor,0,24
sensor_data,1710592399145311551,400,,55.28,16584,202955.73582720003,89,Test_Env,Temperature_Humidity_Sensor,0,24
sensor_data,1710592499961284473,400,,7.753333333333333,2326,4316.613241985185,94,Test_Env,SensorRPI,0,22
sensor_data,1710592752310489880,400,0,5.01,1503,2648.7662711,94,Test_Env,SensorRPI,,21
sensor_data,1710592781919407223,400,0,3.756666666666667,1127,1958.7767356037036,94,Test_Env,SensorRPI,,21
sensor_data,1710592812526509718,421,0,5.456666666666667,1637,2903.6616066037036,94,Test_Env,SensorRPI,,21
sensor_data,1710592842125440289,416,3,4.55,1365,2391.5665125,94,Test_Env,SensorRPI,,21
sensor_data,1710594649128127741,400,0,4.996666666666667,1499,2641.238474403704,94,Test_Env,SensorRPI,,21
sensor_data,1710594678759422180,400,0,3.94,1182,2057.7096024,94,Test_Env,SensorRPI,,21
sensor_data,1710594709408483399,400,0,3.236666666666667,971,1681.1759160037038,94,Test_Env,SensorRPI,,21
sensor_data,1710594739047132987,400,0,4.803333333333334,1441,2532.584507151852,94,Test_Env,SensorRPI,,21
sensor_data,1710594973370363762,400,0,3.9633333333333334,1189,2070.344583551852,94,Test_Env,SensorRPI,,21
sensor_data,1710595004019238643,401,3,3.9266666666666667,1178,2050.4941173037037,94,Test_Env,SensorRPI,,21
sensor_data,1710595033638683285,400,0,5.713333333333333,1714,3052.658264385185,93,Test_Env,SensorRPI,,20
sensor_data,1710595063278982392,400,0,4.493333333333333,1348,2360.223824118518,93,Test_Env,SensorRPI,,20
sensor_data,1710764247194858630,400,0,2.526666666666667,758,1307.9706853037037,93,Test_Env,SensorRPI,,19
sensor_data,1710764276859428448,400,0,0.29333333333333333,88,152.85412811851853,93,Test_Env,SensorRPI,,21
sensor_data,1710764307546301094,468,0,0.6866666666666666,206,356.2510725037037,94,Test_Env,SensorRPI,,21
sensor_data,1710764337226251597,531,0,1.3666666666666667,410,706.9970037037036,94,Test_Env,SensorRPI,,21
sensor_data,1710764435266393564,400,0,1.3966666666666667,419,722.4709824037037,94,Test_Env,SensorRPI,,21
sensor_data,1710764464927489816,422,0,0.6066666666666667,182,314.93370610370374,94,Test_Env,SensorRPI,,21
sensor_data,1710764495577081152,463,0,1.06,318,548.8604376000001,93,Test_Env,SensorRPI,,20
sensor_data,1710764525225249874,477,0,0.31333333333333335,94,163.2140963851852,93,Test_Env,SensorRPI,,20
sensor_data,1710764874167455084,400,0,5.833333333333333,1750,3122.9926851851847,93,Test_Env,SensorRPI,,20
sensor_data,1710764903545988380,414,0,3.4633333333333334,1039,1801.6692818851852,93,Test_Env,SensorRPI,,20
sensor_data,1710764934217825220,432,0,5.1433333333333335,1543,2724.295820285185,93,Test_Env,SensorRPI,,20
sensor_data,1710764963847156651,456,55,2.256666666666667,677,1167.3763906037036,93,Test_Env,SensorRPI,,20
sensor_data,1710765103257706524,400,0,4.01,1203,2095.6449411,93,Test_Env,SensorRPI,,20
sensor_data,1710765132925982804,400,0,4.806666666666667,1442,2534.4500821037036,94,Test_Env,SensorRPI,,21
sensor_data,1710765163577778406,400,0,0.7766666666666666,233,402.70980780370365,94,Test_Env,SensorRPI,,21
sensor_data,1710765193225743126,400,0,0.9866666666666667,296,511.04390850370373,94,Test_Env,SensorRPI,,21
sensor_data,1710765402137761900,400,0,4.626666666666667,1388,2434.0861933037036,94,Test_Env,SensorRPI,,21
sensor_data,1710765431765875904,411,0,5.34,1602,2836.5613544,94,Test_Env,SensorRPI,,21
sensor_data,1710765462425945405,57330,60000,1.7033333333333334,511,880.7643768185185,94,Test_Env,SensorRPI,,21
sensor_data,1710765492087740128,57330,60000,0.5633333333333334,169,292.5440722185185,94,Test_Env,SensorRPI,,21
sensor_data,1710765577306351923,400,0,0.7133333333333334,214,370.0189977185185,94,Test_Env,SensorRPI,,21
sensor_data,1710765606937547812,400,0,0.48333333333333334,145,251.18981435185188,94,Test_Env,SensorRPI,,21
sensor_data,1710765637565870455,400,0,0.6466666666666666,194,335.59505490370367,94,Test_Env,SensorRPI,,21
sensor_data,1710765667209127983,406,0,1.5466666666666666,464,799.8662829037037,94,Test_Env,SensorRPI,,21
sensor_data,1710765838526199748,400,0,3.4766666666666666,1043,1808.7807888037034,94,Test_Env,SensorRPI,,21
sensor_data,1710765868185983861,400,0,4.373333333333333,1312,2294.0833889185183,94,Test_Env,SensorRPI,,21
sensor_data,1710765898854404598,400,0,0.6133333333333333,184,318.3776523851851,94,Test_Env,SensorRPI,,21
sensor_data,1710765928485241818,400,0,0.3233333333333333,97,168.3932474185185,94,Test_Env,SensorRPI,,21
sensor_data,1710765982345255517,400,0,1.0233333333333334,307,529.9527417518519,94,Test_Env,SensorRPI,,21
sensor_data,1710766012025301494,886,766,0.30333333333333334,91,158.03439215185188,94,Test_Env,SensorRPI,,21
sensor_data,1710766042666089549,400,0,0.6166666666666667,185,320.0995662037037,94,Test_Env,SensorRPI,,21
sensor_data,1710766072285829151,400,0,0.25,75,130.3996875,94,Test_Env,SensorRPI,,21
sensor_data,1710766293706337921,400,0,10.116666666666667,3035,6011.319191203705,94,Test_Env,SensorRPI,,21
sensor_data,1710766323347277599,400,0,0.9133333333333333,274,473.2215283851852,94,Test_Env,SensorRPI,,21
sensor_data,1710766354025682070,400,0,1.09,327,564.3297519,94,Test_Env,SensorRPI,,21
sensor_data,1710766383665339422,400,0,0.49,147,254.63703389999998,94,Test_Env,SensorRPI,,21
